new_date,state,cases,deaths,percent_uninsured,percent_vaccinated,cases_k,deaths_k,percent_insured
202001,Arizona,6,0.0,12.08,47.0,0.01,0.0,87.92
202001,California,14,0.0,9.2,42.0,0.01,0.0,90.8
202001,Illinois,10,0.0,9.97,45.0,0.01,0.0,90.03
202001,Washington,11,0.0,6.21,49.0,0.01,0.0,93.79
202002,Arizona,29,0.0,12.08,47.0,0.03,0.0,87.92
202002,California,285,0.0,8.34,41.0,0.28,0.0,91.66
202002,Illinois,59,0.0,9.97,45.0,0.06,0.0,90.03
202002,Massachusetts,29,0.0,4.16,48.0,0.03,0.0,95.84
202002,Nebraska,151,0.0,9.98,61.0,0.15,0.0,90.02
202002,Oregon,2,0.0,7.17,47.0,0.0,0.0,92.83
202002,Texas,91,0.0,16.9,38.0,0.09,0.0,83.1
202002,Utah,5,0.0,10.96,49.0,0.0,0.0,89.03999999999999
202002,Washington,60,1.0,6.21,49.0,0.06,0.0,93.79
202002,Wisconsin,25,0.0,5.06,65.0,0.02,0.0,94.94
202003,Alabama,6129,42.0,11.29,41.5,6.13,0.04,88.71000000000001
202003,Alaska,851,8.0,14.11,38.0,0.85,0.01,85.89
202003,Arizona,6830,85.0,12.08,44.5,6.83,0.08,87.92
202003,Arkansas,3807,35.0,8.91,45.0,3.81,0.04,91.09
202003,California,55403,1113.0,7.58,43.0,55.4,1.11,92.42
202003,Colorado,17711,338.0,9.51,51.0,17.71,0.34,90.49
202003,Connecticut,14353,281.0,5.36,54.0,14.35,0.28,94.64
202003,Delaware,1887,31.0,6.41,54.0,1.89,0.03,93.59
202003,District of Columbia,2923,41.0,4.3,38.0,2.92,0.04,95.7
202003,Florida,35584,489.0,15.31,42.0,35.58,0.49,84.69
202003,Georgia,20657,642.0,15.76,45.0,20.66,0.64,84.24
202003,Hawaii,1396,1.0,5.13,37.5,1.4,0.0,94.87
202003,Idaho,2358,34.0,14.01,43.0,2.36,0.03,85.99
202003,Illinois,33095,448.0,6.29,47.0,33.1,0.45,93.71
202003,Indiana,10152,313.0,8.99,49.25,10.15,0.31,91.01
202003,Iowa,2794,26.0,5.42,58.0,2.79,0.03,94.58
202003,Kansas,2408,60.0,9.82,46.0,2.41,0.06,90.18
202003,Kentucky,3085,84.0,6.41,49.0,3.08,0.08,93.59
202003,Louisiana,28771,1127.0,9.68,42.0,28.77,1.13,90.32
202003,Maine,2059,12.0,9.66,45.25,2.06,0.01,90.34
202003,Maryland,8831,84.0,6.26,53.0,8.83,0.08,93.74
202003,Massachusetts,31798,340.0,3.34,52.0,31.8,0.34,96.66
202003,Michigan,38863,967.0,6.19,48.0,38.86,0.97,93.81
202003,Minnesota,4473,43.0,4.62,52.0,4.47,0.04,95.38
202003,Mississippi,5782,88.0,15.17,40.0,5.78,0.09,84.83
202003,Missouri,6465,96.0,10.9,49.5,6.46,0.1,89.1
202003,Montana,1200,11.0,10.08,46.0,1.2,0.01,89.92
202003,Nebraska,1680,13.0,8.78,57.5,1.68,0.01,91.22
202003,Nevada,5794,119.0,12.81,39.5,5.79,0.12,87.19
202003,New Hampshire,2232,17.0,7.43,50.0,2.23,0.02,92.57
202003,New Jersey,73674,1144.0,7.88,50.0,73.67,1.14,92.12
202003,New Mexico,1989,16.0,11.79,41.5,1.99,0.02,88.21000000000001
202003,New York,464981,7445.0,5.34,51.0,464.98,7.44,94.66
202003,North Carolina,8617,32.0,12.93,52.0,8.62,0.03,87.07
202003,North Dakota,787,9.0,8.1,53.0,0.79,0.01,91.9
202003,Ohio,12114,219.0,6.88,49.0,12.11,0.22,93.12
202003,Oklahoma,3069,101.0,15.86,50.0,3.07,0.1,84.14
202003,Oregon,4621,129.0,8.23,43.0,4.62,0.13,91.77
202003,Pennsylvania,23859,267.0,6.51,50.5,23.86,0.27,93.49
202003,Rhode Island,1229,0.0,3.67,50.0,1.23,0.0,96.33
202003,South Carolina,6329,127.0,13.11,48.25,6.33,0.13,86.89
202003,South Dakota,711,22.0,10.72,49.0,0.71,0.02,89.28
202003,Tennessee,11107,28.0,11.04,49.0,11.11,0.03,88.96000000000001
202003,Texas,20623,269.0,17.24,43.5,20.62,0.27,82.76
202003,Utah,5485,11.0,10.12,47.0,5.48,0.01,89.88
202003,Vermont,1784,61.0,5.76,51.0,1.78,0.06,94.24
202003,Virginia,6941,102.0,9.28,51.0,6.94,0.1,90.72
202003,Washington,45135,2377.0,7.59,45.0,45.14,2.38,92.41
202003,West Virginia,866,3.0,7.17,44.5,0.87,0.0,92.83
202003,Wisconsin,9353,135.0,5.43,54.5,9.35,0.14,94.57
202003,Wyoming,776,0.0,14.1,42.5,0.78,0.0,85.9
202004,Alabama,125166,4044.0,11.53,39.0,125.17,4.04,88.47
202004,Alaska,8229,173.0,18.15,33.5,8.23,0.17,81.85
202004,Arizona,128668,4798.0,13.12,38.0,128.67,4.8,86.88
202004,Arkansas,51355,1002.0,8.92,43.0,51.36,1.0,91.08
202004,California,865583,30173.0,7.82,41.0,865.58,30.17,92.18
202004,Colorado,259755,11702.0,10.58,44.0,259.76,11.7,89.42
202004,Connecticut,454259,29675.0,5.28,54.0,454.26,29.68,94.72
202004,Delaware,67115,1840.0,6.41,54.0,67.11,1.84,93.59
202004,District of Columbia,70950,2651.0,4.3,38.0,70.95,2.65,95.7
202004,Florida,671064,19461.0,15.53,39.0,671.06,19.46,84.47
202004,Georgia,439404,17990.0,16.3,42.0,439.4,17.99,83.7
202004,Hawaii,14874,270.0,5.13,37.5,14.87,0.27,94.87
202004,Idaho,45937,1098.0,14.15,37.0,45.94,1.1,85.85
202004,Illinois,798324,32639.0,6.15,44.0,798.32,32.64,93.85
202004,Indiana,292465,16218.0,9.1,48.0,292.46,16.22,90.9
202004,Iowa,83654,1942.0,5.51,53.0,83.65,1.94,94.49
202004,Kansas,55555,2222.0,10.49,39.5,55.56,2.22,89.51
202004,Kentucky,74278,3858.0,6.71,43.5,74.28,3.86,93.29
202004,Louisiana,623561,32370.0,9.79,40.0,623.56,32.37,90.21000000000001
202004,Maine,22240,843.0,11.31,43.0,22.24,0.84,88.69
202004,Maryland,327291,12124.0,6.26,50.5,327.29,12.12,93.74
202004,Massachusetts,962354,42756.0,3.43,52.0,962.35,42.76,96.57
202004,Michigan,812300,59370.0,6.82,43.0,812.3,59.37,93.18
202004,Minnesota,65126,3794.0,5.63,49.0,65.13,3.79,94.37
202004,Mississippi,109721,3972.0,15.28,39.0,109.72,3.97,84.72
202004,Missouri,144245,5056.0,12.44,40.0,144.24,5.06,87.56
202004,Montana,11538,279.0,11.71,39.0,11.54,0.28,88.28999999999999
202004,Nebraska,44843,865.0,9.58,43.5,44.84,0.86,90.42
202004,Nevada,96963,3923.0,12.81,36.0,96.96,3.92,87.19
202004,New Hampshire,36687,997.0,7.45,49.5,36.69,1.0,92.55
202004,New Jersey,2138734,102625.0,7.64,50.0,2138.73,102.62,92.36
202004,New Mexico,49427,1462.0,11.2,40.0,49.43,1.46,88.8
202004,New York,6328973,421099.0,5.31,51.0,6328.97,421.1,94.69
202004,North Carolina,168317,4804.0,13.35,50.0,168.32,4.8,86.65
202004,North Dakota,14825,295.0,9.96,41.0,14.82,0.3,90.03999999999999
202004,Ohio,287164,12517.0,7.01,48.0,287.16,12.52,92.99
202004,Oklahoma,67883,3691.0,18.07,46.5,67.88,3.69,81.93
202004,Oregon,50484,1829.0,8.74,41.0,50.48,1.83,91.26
202004,Pennsylvania,822679,30595.0,6.66,48.0,822.68,30.6,93.34
202004,Rhode Island,95898,1149.0,3.67,50.0,95.9,1.15,96.33
202004,South Carolina,113247,3284.0,13.15,46.0,113.25,3.28,86.85
202004,South Dakota,36231,201.0,10.94,40.0,36.23,0.2,89.06
202004,Tennessee,186502,3731.0,11.83,47.0,186.5,3.73,88.17
202004,Texas,494349,12274.0,20.49,40.0,494.35,12.27,79.51
202004,Utah,82149,613.0,10.64,44.0,82.15,0.61,89.36
202004,Vermont,20909,868.0,5.83,47.0,20.91,0.87,94.17
202004,Virginia,223873,6114.0,11.3,50.0,223.87,6.11,88.7
202004,Washington,319571,16938.0,8.11,42.0,319.57,16.94,91.89
202004,West Virginia,21315,514.0,7.75,40.0,21.32,0.51,92.25
202004,Wisconsin,119648,5402.0,6.61,50.0,119.65,5.4,93.39
202004,Wyoming,10950,82.0,14.46,41.0,10.95,0.08,85.53999999999999
202005,Alabama,372033,14438.0,11.53,39.0,372.03,14.44,88.47
202005,Alaska,12244,243.0,18.28,32.0,12.24,0.24,81.72
202005,Arizona,417110,19862.0,13.12,38.0,417.11,19.86,86.88
202005,Arkansas,145308,3137.0,8.95,43.0,145.31,3.14,91.05
202005,California,2476262,99378.0,7.86,41.0,2476.26,99.38,92.14
202005,Colorado,658973,35578.0,10.58,44.0,658.97,35.58,89.42
202005,Connecticut,1116227,100958.0,5.28,54.0,1116.23,100.96,94.72
202005,Delaware,228104,8367.0,6.41,54.0,228.1,8.37,93.59
202005,District of Columbia,215106,11296.0,4.3,38.0,215.11,11.3,95.7
202005,Florida,1394095,59653.0,15.53,39.0,1394.1,59.65,84.47
202005,Georgia,1064226,48928.0,16.3,42.0,1064.23,48.93,83.7
202005,Hawaii,19430,525.0,5.13,37.5,19.43,0.52,94.87
202005,Idaho,75057,2266.0,14.14,37.0,75.06,2.27,85.86
202005,Illinois,2820373,125228.0,6.16,43.0,2820.37,125.23,93.84
202005,Indiana,857247,52744.0,9.1,48.0,857.25,52.74,90.9
202005,Iowa,440270,10764.0,5.56,50.0,440.27,10.76,94.44
202005,Kansas,241100,5676.0,10.65,38.0,241.1,5.68,89.35
202005,Kentucky,234575,10844.0,6.74,43.0,234.58,10.84,93.26
202005,Louisiana,1056326,73038.0,9.79,40.0,1056.33,73.04,90.21000000000001
202005,Maine,52086,2180.0,11.51,42.5,52.09,2.18,88.49
202005,Maryland,1190472,56834.0,6.26,50.5,1190.47,56.83,93.74
202005,Massachusetts,2571693,170695.0,3.43,52.0,2571.69,170.7,96.57
202005,Michigan,1554671,148877.0,6.85,43.0,1554.67,148.88,93.15
202005,Minnesota,467866,21682.0,5.71,48.0,467.87,21.68,94.29
202005,Mississippi,344072,15804.0,15.28,39.0,344.07,15.8,84.72
202005,Missouri,334497,17904.0,12.59,40.0,334.5,17.9,87.41
202005,Montana,14576,502.0,11.72,38.5,14.58,0.5,88.28
202005,Nebraska,303987,3826.0,9.97,40.0,303.99,3.83,90.03
202005,Nevada,213155,10563.0,12.63,35.0,213.16,10.56,87.37
202005,New Hampshire,108419,5085.0,7.45,49.5,108.42,5.08,92.55
202005,New Jersey,4444435,308934.0,7.64,50.0,4444.44,308.93,92.36
202005,New Mexico,177946,7731.0,10.81,39.0,177.95,7.73,89.19
202005,New York,10850463,854088.0,5.31,51.0,10850.46,854.09,94.69
202005,North Carolina,573602,20390.0,13.42,50.0,573.6,20.39,86.58
202005,North Dakota,57772,1315.0,9.84,42.0,57.77,1.32,90.16
202005,Ohio,847508,49709.0,7.01,48.0,847.51,49.71,92.99
202005,Oklahoma,160500,8877.0,18.2,46.0,160.5,8.88,81.8
202005,Oregon,108485,4161.0,8.74,41.0,108.48,4.16,91.26
202005,Pennsylvania,1994490,134069.0,6.66,48.0,1994.49,134.07,93.34
202005,Rhode Island,331406,12906.0,3.67,50.0,331.41,12.91,96.33
202005,South Carolina,269994,11736.0,13.15,46.0,269.99,11.74,86.85
202005,South Dakota,118915,1278.0,11.29,39.0,118.92,1.28,88.71000000000001
202005,Tennessee,533614,8841.0,11.84,47.0,533.61,8.84,88.16
202005,Texas,1463433,40047.0,20.71,39.0,1463.43,40.05,79.28999999999999
202005,Utah,221392,2388.0,10.96,44.0,221.39,2.39,89.03999999999999
202005,Vermont,28888,1651.0,5.83,47.0,28.89,1.65,94.17
202005,Virginia,925411,30685.0,11.32,50.0,925.41,30.68,88.68
202005,Washington,594493,30824.0,8.11,42.0,594.49,30.82,91.89
202005,West Virginia,47440,1951.0,7.8,39.0,47.44,1.95,92.2
202005,Wisconsin,391353,13922.0,6.73,50.0,391.35,13.92,93.27
202005,Wyoming,22780,300.0,14.46,41.0,22.78,0.3,85.53999999999999
202006,Alabama,800287,23697.0,11.53,39.0,800.29,23.7,88.47
202006,Alaska,22830,291.0,18.35,31.5,22.83,0.29,81.65
202006,Arizona,1297231,37510.0,13.12,38.0,1297.23,37.51,86.88
202006,Arkansas,388615,5895.0,8.95,43.0,388.62,5.9,91.05
202006,California,4905111,155690.0,7.84,41.0,4905.11,155.69,92.16
202006,Colorado,886415,48035.0,10.58,44.0,886.42,48.04,89.42
202006,Connecticut,1340561,125396.0,5.28,54.0,1340.56,125.4,94.72
202006,Delaware,311875,13061.0,6.41,54.0,311.88,13.06,93.59
202006,District of Columbia,291828,15437.0,4.3,38.0,291.83,15.44,95.7
202006,Florida,2634344,89605.0,15.53,39.0,2634.34,89.6,84.47
202006,Georgia,1689077,73147.0,16.3,42.0,1689.08,73.15,83.7
202006,Hawaii,22302,514.0,5.13,37.5,22.3,0.51,94.87
202006,Idaho,116647,2628.0,14.14,37.0,116.65,2.63,85.86
202006,Illinois,4004681,190664.0,6.14,43.0,4004.68,190.66,93.86
202006,Indiana,1241303,73069.0,9.1,48.0,1241.3,73.07,90.9
202006,Iowa,731522,19631.0,5.57,49.0,731.52,19.63,94.43
202006,Kansas,355114,7449.0,10.67,37.0,355.11,7.45,89.33
202006,Kentucky,389689,15726.0,6.74,43.0,389.69,15.73,93.26
202006,Louisiana,1428664,87716.0,9.79,40.0,1428.66,87.72,90.21000000000001
202006,Maine,83993,3010.0,11.51,42.5,83.99,3.01,88.49
202006,Maryland,1867000,87023.0,6.26,50.5,1867.0,87.02,93.74
202006,Massachusetts,3155839,228701.0,3.43,52.0,3155.84,228.7,96.57
202006,Michigan,1976165,179389.0,6.91,42.0,1976.16,179.39,93.09
202006,Minnesota,922227,38688.0,5.72,48.0,922.23,38.69,94.28
202006,Mississippi,613118,27316.0,15.28,39.0,613.12,27.32,84.72
202006,Missouri,517593,27450.0,12.73,39.0,517.59,27.45,87.27
202006,Montana,19781,581.0,11.73,37.5,19.78,0.58,88.27
202006,Nebraska,507009,6925.0,10.02,39.0,507.01,6.92,89.98
202006,Nevada,365782,14008.0,12.63,34.0,365.78,14.01,87.37
202006,New Hampshire,159634,9573.0,7.45,49.5,159.63,9.57,92.55
202006,New Jersey,4999971,388821.0,7.64,50.0,4999.97,388.82,92.36
202006,New Mexico,298233,13154.0,10.74,39.0,298.23,13.15,89.26
202006,New York,11656829,918476.0,5.31,51.0,11656.83,918.48,94.69
202006,North Carolina,1381996,34879.0,13.44,49.5,1382.0,34.88,86.56
202006,North Dakota,93160,2216.0,9.9,43.5,93.16,2.22,90.1
202006,Ohio,1279992,77119.0,7.01,48.0,1279.99,77.12,92.99
202006,Oklahoma,277671,10849.0,18.43,46.0,277.67,10.85,81.57
202006,Oregon,184416,5420.0,8.79,40.5,184.42,5.42,91.21000000000001
202006,Pennsylvania,2516170,188226.0,6.66,48.0,2516.17,188.23,93.34
202006,Rhode Island,426777,23530.0,3.67,50.0,426.78,23.53,96.33
202006,South Carolina,636483,18424.0,13.15,46.0,636.48,18.42,86.85
202006,South Dakota,177958,2282.0,11.84,39.0,177.96,2.28,88.16
202006,Tennessee,954872,14439.0,11.84,47.0,954.87,14.44,88.16
202006,Texas,3090759,62054.0,20.99,39.0,3090.76,62.05,79.01
202006,Utah,464245,4086.0,11.77,44.0,464.24,4.09,88.23
202006,Vermont,33398,1663.0,5.83,47.0,33.4,1.66,94.17
202006,Virginia,1644315,47056.0,11.32,50.0,1644.32,47.06,88.68
202006,Washington,845988,36893.0,8.11,42.0,845.99,36.89,91.89
202006,West Virginia,71793,2613.0,7.8,39.0,71.79,2.61,92.2
202006,Wisconsin,713173,21100.0,6.76,50.0,713.17,21.1,93.24
202006,Wyoming,33714,555.0,14.46,41.0,33.71,0.56,85.53999999999999
202007,Alabama,1918336,38436.0,11.53,39.0,1918.34,38.44,88.47
202007,Alaska,67184,496.0,18.13,31.0,67.18,0.5,81.87
202007,Arizona,4105142,79906.0,13.12,38.0,4105.14,79.91,86.88
202007,Arkansas,937012,10829.0,8.92,43.0,937.01,10.83,91.08
202007,California,11404982,232621.0,7.84,41.0,11404.98,232.62,92.16
202007,Colorado,1215655,54290.0,10.68,43.5,1215.66,54.29,89.32
202007,Connecticut,1476556,135760.0,5.28,54.0,1476.56,135.76,94.72
202007,Delaware,406089,16554.0,6.41,54.0,406.09,16.55,93.59
202007,District of Columbia,345436,17731.0,4.3,38.0,345.44,17.73,95.7
202007,Florida,9735601,149112.0,15.53,39.0,9735.6,149.11,84.47
202007,Georgia,3739056,96281.0,16.3,42.0,3739.06,96.28,83.7
202007,Hawaii,41324,673.0,5.13,37.5,41.32,0.67,94.87
202007,Idaho,412314,3800.0,13.98,36.0,412.31,3.8,86.02
202007,Illinois,4952202,224535.0,6.11,43.0,4952.2,224.54,93.89
202007,Indiana,1745006,86855.0,9.1,48.0,1745.01,86.86,90.9
202007,Iowa,1151591,24212.0,5.57,49.0,1151.59,24.21,94.43
202007,Kansas,663964,9654.0,10.72,37.0,663.96,9.65,89.28
202007,Kentucky,694134,20877.0,6.74,43.0,694.13,20.88,93.26
202007,Louisiana,2692928,105896.0,9.79,40.0,2692.93,105.9,90.21000000000001
202007,Maine,111874,3546.0,11.51,42.5,111.87,3.55,88.49
202007,Maryland,2391813,103297.0,6.26,50.5,2391.81,103.3,93.74
202007,Massachusetts,3489095,259281.0,3.43,52.0,3489.1,259.28,96.57
202007,Michigan,2479479,196306.0,6.96,42.0,2479.48,196.31,93.04
202007,Minnesota,1383534,47254.0,5.72,48.0,1383.53,47.25,94.28
202007,Mississippi,1278714,40927.0,15.3,39.0,1278.71,40.93,84.7
202007,Missouri,1053767,35764.0,12.81,39.0,1053.77,35.76,87.19
202007,Montana,71052,1109.0,11.73,37.0,71.05,1.11,88.27
202007,Nebraska,690792,9465.0,10.04,38.0,690.79,9.46,89.96000000000001
202007,Nevada,1014765,19854.0,12.55,33.5,1014.76,19.85,87.45
202007,New Hampshire,190953,12246.0,7.45,49.5,190.95,12.25,92.55
202007,New Jersey,5507091,482370.0,7.64,50.0,5507.09,482.37,92.36
202007,New Mexico,504127,17513.0,10.56,38.5,504.13,17.51,89.44
202007,New York,12690287,995461.0,5.31,51.0,12690.29,995.46,94.69
202007,North Carolina,2908111,50375.0,13.44,49.5,2908.11,50.38,86.56
202007,North Dakota,149537,2801.0,9.96,42.0,149.54,2.8,90.03999999999999
202007,Ohio,2202814,97101.0,7.01,48.0,2202.81,97.1,92.99
202007,Oklahoma,738129,13870.0,18.65,46.0,738.13,13.87,81.35
202007,Oregon,421377,7946.0,8.74,40.0,421.38,7.95,91.26
202007,Pennsylvania,3210520,217270.0,6.66,48.0,3210.52,217.27,93.34
202007,Rhode Island,497931,29914.0,3.67,50.0,497.93,29.91,96.33
202007,South Carolina,1978230,35108.0,13.15,46.0,1978.23,35.11,86.85
202007,South Dakota,240095,3471.0,11.84,35.0,240.1,3.47,88.16
202007,Tennessee,2201220,24810.0,11.84,47.0,2201.22,24.81,88.16
202007,Texas,9496585,126673.0,21.14,38.0,9496.58,126.67,78.86
202007,Utah,988345,7119.0,11.77,44.0,988.34,7.12,88.23
202007,Vermont,40816,1738.0,5.83,47.0,40.82,1.74,94.17
202007,Virginia,2330822,61641.0,11.31,50.0,2330.82,61.64,88.69
202007,Washington,1439056,46085.0,8.02,42.0,1439.06,46.08,91.98
202007,West Virginia,145677,3101.0,7.81,39.0,145.68,3.1,92.19
202007,Wisconsin,1262909,26200.0,6.76,50.0,1262.91,26.2,93.24
202007,Wyoming,63980,710.0,14.46,41.0,63.98,0.71,85.53999999999999
202008,Alabama,3355858,58883.0,11.53,39.0,3355.86,58.88,88.47
202008,Alaska,153295,843.0,18.13,31.0,153.29,0.84,81.87
202008,Arizona,5951480,138063.0,13.12,38.0,5951.48,138.06,86.88
202008,Arkansas,1595832,19077.0,8.92,43.0,1595.83,19.08,91.08
202008,California,19168697,349458.0,7.87,41.0,19168.7,349.46,92.13
202008,Colorado,1642292,58799.0,10.72,43.0,1642.29,58.8,89.28
202008,Connecticut,1578890,138000.0,5.28,54.0,1578.89,138.0,94.72
202008,Delaware,495501,18439.0,6.41,54.0,495.5,18.44,93.59
202008,District of Columbia,407849,18495.0,4.3,38.0,407.85,18.5,95.7
202008,Florida,17445879,287667.0,15.53,39.0,17445.88,287.67,84.47
202008,Georgia,6674133,142001.0,16.3,42.0,6674.13,142.0,83.7
202008,Hawaii,156872,1255.0,5.13,37.5,156.87,1.25,94.87
202008,Idaho,848552,8590.0,14.01,36.0,848.55,8.59,85.99
202008,Illinois,6435953,241117.0,6.11,43.0,6435.95,241.12,93.89
202008,Indiana,2546792,97177.0,9.1,48.0,2546.79,97.18,90.9
202008,Iowa,1650887,30669.0,5.57,49.0,1650.89,30.67,94.43
202008,Kansas,1086757,12632.0,10.73,37.0,1086.76,12.63,89.27
202008,Kentucky,1272814,26308.0,6.74,43.0,1272.81,26.31,93.26
202008,Louisiana,4214853,134993.0,9.79,40.0,4214.85,134.99,90.21000000000001
202008,Maine,129899,3951.0,11.51,42.5,129.9,3.95,88.49
202008,Maryland,3103859,112303.0,6.26,50.5,3103.86,112.3,93.74
202008,Massachusetts,3790504,273241.0,3.43,52.0,3790.5,273.24,96.57
202008,Michigan,3154731,204338.0,6.96,42.0,3154.73,204.34,93.04
202008,Minnesota,2014704,53056.0,5.74,48.0,2014.7,53.06,94.26
202008,Mississippi,2235453,64526.0,15.3,39.0,2235.45,64.53,84.7
202008,Missouri,2121856,45188.0,12.81,39.0,2121.86,45.19,87.19
202008,Montana,177325,2566.0,11.76,35.0,177.32,2.57,88.24
202008,Nebraska,936833,11402.0,10.32,38.0,936.83,11.4,89.68
202008,Nevada,1877885,33381.0,12.55,33.5,1877.88,33.38,87.45
202008,New Hampshire,215888,13146.0,7.45,49.5,215.89,13.15,92.55
202008,New Jersey,5842881,492931.0,7.64,50.0,5842.88,492.93,92.36
202008,New Mexico,721635,22130.0,10.56,38.5,721.64,22.13,89.44
202008,New York,13329072,1005469.0,5.31,51.0,13329.07,1005.47,94.69
202008,North Carolina,4509937,73585.0,13.44,49.5,4509.94,73.58,86.56
202008,North Dakota,273070,3843.0,9.96,42.0,273.07,3.84,90.03999999999999
202008,Ohio,3343527,118706.0,7.01,48.0,3343.53,118.71,92.99
202008,Oklahoma,1492234,20766.0,18.65,46.0,1492.23,20.77,81.35
202008,Oregon,713551,12220.0,8.74,40.0,713.55,12.22,91.26
202008,Pennsylvania,3985340,233003.0,6.66,48.0,3985.34,233.0,93.34
202008,Rhode Island,576533,31310.0,3.67,50.0,576.53,31.31,96.33
202008,South Carolina,3278566,70082.0,13.15,46.0,3278.57,70.08,86.85
202008,South Dakota,326659,4707.0,12.03,34.0,326.66,4.71,87.97
202008,Tennessee,4011110,42802.0,11.84,47.0,4011.11,42.8,88.16
202008,Texas,17220155,320762.0,21.15,38.0,17220.16,320.76,78.85
202008,Utah,1444603,11320.0,11.86,44.0,1444.6,11.32,88.14
202008,Vermont,46633,1793.0,5.83,47.0,46.63,1.79,94.17
202008,Virginia,3291484,74189.0,11.31,50.0,3291.48,74.19,88.69
202008,Washington,2150579,57335.0,8.02,42.0,2150.58,57.34,91.98
202008,West Virginia,262522,4966.0,7.81,39.0,262.52,4.97,92.19
202008,Wisconsin,2043128,32277.0,6.76,50.0,2043.13,32.28,93.24
202008,Wyoming,102356,991.0,14.46,41.0,102.36,0.99,85.53999999999999
202009,Alabama,4227298,71419.0,11.53,39.0,4227.3,71.42,88.47
202009,Alaska,218042,1265.0,18.13,31.0,218.04,1.26,81.87
202009,Arizona,6320557,161423.0,13.12,38.0,6320.56,161.42,86.88
202009,Arkansas,2122364,32549.0,8.92,43.0,2122.36,32.55,91.08
202009,California,23157818,438311.0,7.87,41.0,23157.82,438.31,92.13
202009,Colorado,1909117,60271.0,10.72,43.0,1909.12,60.27,89.28
202009,Connecticut,1647713,134565.0,5.28,54.0,1647.71,134.56,94.72
202009,Delaware,558894,18572.0,6.41,54.0,558.89,18.57,93.59
202009,District of Columbia,441301,18516.0,4.3,38.0,441.3,18.52,95.7
202009,Florida,20067106,385716.0,15.53,39.0,20067.11,385.72,84.47
202009,Georgia,8356350,188129.0,16.3,42.0,8356.35,188.13,83.7
202009,Hawaii,327696,3146.0,5.13,37.5,327.7,3.15,94.87
202009,Idaho,1106581,12732.0,14.01,36.0,1106.58,12.73,85.99
202009,Illinois,8005842,251476.0,6.11,43.0,8005.84,251.48,93.89
202009,Indiana,3290139,103916.0,9.1,48.0,3290.14,103.92,90.9
202009,Iowa,2312605,37216.0,5.57,49.0,2312.6,37.22,94.43
202009,Kansas,1554737,16782.0,10.74,37.0,1554.74,16.78,89.26
202009,Kentucky,1873371,33249.0,6.74,43.0,1873.37,33.25,93.26
202009,Louisiana,4741368,152807.0,9.79,40.0,4741.37,152.81,90.21000000000001
202009,Maine,148377,4108.0,11.51,42.5,148.38,4.11,88.49
202009,Maryland,3532754,115344.0,6.26,50.5,3532.75,115.34,93.74
202009,Massachusetts,3717227,277203.0,3.43,52.0,3717.23,277.2,96.57
202009,Michigan,3756161,207762.0,6.96,42.0,3756.16,207.76,93.04
202009,Minnesota,2601959,57842.0,5.74,48.0,2601.96,57.84,94.26
202009,Mississippi,2734173,82125.0,15.3,39.0,2734.17,82.12,84.7
202009,Missouri,3260351,56366.0,12.81,39.0,3260.35,56.37,87.19
202009,Montana,294470,4277.0,11.76,35.0,294.47,4.28,88.24
202009,Nebraska,1183242,13519.0,10.61,35.25,1183.24,13.52,89.39
202009,Nevada,2237427,44410.0,12.55,33.5,2237.43,44.41,87.45
202009,New Hampshire,232958,13080.0,7.45,49.5,232.96,13.08,92.55
202009,New Jersey,5985618,481278.0,7.64,50.0,5985.62,481.28,92.36
202009,New Mexico,815628,24979.0,10.74,38.0,815.63,24.98,89.26
202009,New York,13535662,979548.0,5.31,51.0,13535.66,979.55,94.69
202009,North Carolina,5679982,94769.0,13.44,49.5,5679.98,94.77,86.56
202009,North Dakota,496621,5502.0,9.96,42.0,496.62,5.5,90.03999999999999
202009,Ohio,4190398,134914.0,7.01,48.0,4190.4,134.91,92.99
202009,Oklahoma,2177177,27571.0,18.65,46.0,2177.18,27.57,81.35
202009,Oregon,900076,15457.0,8.74,40.0,900.08,15.46,91.26
202009,Pennsylvania,4544303,239575.0,6.66,48.0,4544.3,239.58,93.34
202009,Rhode Island,634541,31808.0,3.67,50.0,634.54,31.81,96.33
202009,South Carolina,4017202,92881.0,13.15,46.0,4017.2,92.88,86.85
202009,South Dakota,529111,5746.0,12.03,34.0,529.11,5.75,87.97
202009,Tennessee,5208055,62567.0,11.84,47.0,5208.06,62.57,88.16
202009,Texas,21291250,440263.0,21.15,38.0,21291.25,440.26,78.85
202009,Utah,1829734,13038.0,11.77,44.0,1829.73,13.04,88.23
202009,Vermont,50536,1740.0,5.83,47.0,50.54,1.74,94.17
202009,Virginia,4069810,86483.0,11.31,50.0,4069.81,86.48,88.69
202009,Washington,2537438,63309.0,8.02,42.0,2537.44,63.31,91.98
202009,West Virginia,394496,8578.0,7.81,39.0,394.5,8.58,92.19
202009,Wisconsin,3017500,36640.0,6.76,50.0,3017.5,36.64,93.24
202009,Wyoming,140056,1375.0,14.46,41.0,140.06,1.38,85.53999999999999
202010,Alabama,5332670,85064.0,11.53,39.0,5332.67,85.06,88.47
202010,Alaska,364115,1890.0,17.98,31.0,364.12,1.89,82.02
202010,Arizona,7142027,179976.0,13.12,38.0,7142.03,179.98,86.88
202010,Arkansas,2962870,51328.0,8.92,43.0,2962.87,51.33,91.08
202010,California,27163983,522654.0,7.87,41.0,27163.98,522.65,92.13
202010,Colorado,2651624,67610.0,10.73,43.0,2651.62,67.61,89.27
202010,Connecticut,1956951,141103.0,5.28,54.0,1956.95,141.1,94.72
202010,Delaware,703345,20617.0,6.41,54.0,703.34,20.62,93.59
202010,District of Columbia,503658,19785.0,4.3,38.0,503.66,19.78,95.7
202010,Florida,23220897,486884.0,15.53,39.0,23220.9,486.88,84.47
202010,Georgia,10579582,228199.0,16.3,42.0,10579.58,228.2,83.7
202010,Hawaii,433606,5681.0,5.13,37.5,433.61,5.68,94.87
202010,Idaho,1633410,16628.0,14.01,36.0,1633.41,16.63,85.99
202010,Illinois,10614349,285251.0,6.11,43.0,10614.35,285.25,93.89
202010,Indiana,4586771,121734.0,9.1,48.0,4586.77,121.73,90.9
202010,Iowa,3291438,47525.0,5.57,49.0,3291.44,47.52,94.43
202010,Kansas,2245140,26130.0,10.74,37.0,2245.14,26.13,89.26
202010,Kentucky,2751940,42363.0,6.74,43.0,2751.94,42.36,93.26
202010,Louisiana,5405745,171233.0,9.79,40.0,5405.74,171.23,90.21000000000001
202010,Maine,183325,4472.0,11.51,42.5,183.32,4.47,88.49
202010,Maryland,4187127,124732.0,6.26,50.5,4187.13,124.73,93.74
202010,Massachusetts,4345260,300736.0,3.43,52.0,4345.26,300.74,96.57
202010,Michigan,4981972,227588.0,6.96,42.0,4981.97,227.59,93.04
202010,Minnesota,3732757,68835.0,5.74,48.0,3732.76,68.83,94.26
202010,Mississippi,3374433,97849.0,15.3,39.0,3374.43,97.85,84.7
202010,Missouri,4918497,80448.0,12.81,39.0,4918.5,80.45,87.19
202010,Montana,685645,7685.0,11.79,34.0,685.64,7.68,88.21000000000001
202010,Nebraska,1756768,17355.0,10.7,35.0,1756.77,17.36,89.3
202010,Nevada,2776684,52598.0,12.55,33.5,2776.68,52.6,87.45
202010,New Hampshire,296606,14313.0,7.45,49.5,296.61,14.31,92.55
202010,New Jersey,6842431,502729.0,7.64,50.0,6842.43,502.73,92.36
202010,New Mexico,1131555,28959.0,10.74,38.0,1131.56,28.96,89.26
202010,New York,15087402,1021540.0,5.31,51.0,15087.4,1021.54,94.69
202010,North Carolina,7503763,122389.0,13.44,49.5,7503.76,122.39,86.56
202010,North Dakota,969193,11837.0,9.96,42.0,969.19,11.84,90.03999999999999
202010,Ohio,5591170,157317.0,7.01,48.0,5591.17,157.32,92.99
202010,Oklahoma,3263629,36040.0,18.65,46.0,3263.63,36.04,81.35
202010,Oregon,1208025,19245.0,8.79,39.5,1208.03,19.24,91.21000000000001
202010,Pennsylvania,5751331,264555.0,6.66,48.0,5751.33,264.56,93.34
202010,Rhode Island,771654,35008.0,3.67,50.0,771.65,35.01,96.33
202010,South Carolina,5027463,112970.0,13.15,46.0,5027.46,112.97,86.85
202010,South Dakota,1007707,9767.0,12.03,34.0,1007.71,9.77,87.97
202010,Tennessee,6908484,88733.0,11.84,47.0,6908.48,88.73,88.16
202010,Texas,26765048,539095.0,21.15,38.0,26765.05,539.1,78.85
202010,Utah,2870256,16548.0,11.77,44.0,2870.26,16.55,88.23
202010,Vermont,59827,1798.0,5.83,47.0,59.83,1.8,94.17
202010,Virginia,5085677,106447.0,11.31,50.0,5085.68,106.45,88.69
202010,Washington,3148032,72500.0,8.02,42.0,3148.03,72.5,91.98
202010,West Virginia,609037,12325.0,7.81,39.0,609.04,12.32,92.19
202010,Wisconsin,5505966,50170.0,6.76,50.0,5505.97,50.17,93.24
202010,Wyoming,279238,1926.0,14.46,41.0,279.24,1.93,85.53999999999999
202011,Alabama,6584507,98538.0,11.53,39.0,6584.51,98.54,88.47
202011,Alaska,715105,2802.0,17.98,31.0,715.1,2.8,82.02
202011,Arizona,8449498,189527.0,13.12,38.0,8449.5,189.53,86.88
202011,Arkansas,3966378,66765.0,8.92,43.0,3966.38,66.76,91.08
202011,California,31809048,551791.0,7.87,41.0,31809.05,551.79,92.13
202011,Colorado,5058076,79208.0,10.73,43.0,5058.08,79.21,89.27
202011,Connecticut,2772520,143356.0,5.28,54.0,2772.52,143.36,94.72
202011,Delaware,881040,22110.0,6.41,54.0,881.04,22.11,93.59
202011,District of Columbia,575533,19873.0,4.3,38.0,575.53,19.87,95.7
202011,Florida,26762748,528358.0,15.53,39.0,26762.75,528.36,84.47
202011,Georgia,12320210,260353.0,16.3,42.0,12320.21,260.35,83.7
202011,Hawaii,500379,6751.0,5.13,37.5,500.38,6.75,94.87
202011,Idaho,2510599,23545.0,14.01,36.0,2510.6,23.54,85.99
202011,Illinois,17321071,339618.0,6.11,43.0,17321.07,339.62,93.89
202011,Indiana,7754614,150003.0,9.1,48.0,7754.61,150.0,90.9
202011,Iowa,5530045,61569.0,5.57,49.0,5530.04,61.57,94.43
202011,Kansas,3684696,36807.0,10.74,37.0,3684.7,36.81,89.26
202011,Kentucky,4313753,53507.0,6.74,43.0,4313.75,53.51,93.26
202011,Louisiana,6152981,182096.0,9.79,40.0,6152.98,182.1,90.21000000000001
202011,Maine,273941,5020.0,11.51,42.5,273.94,5.02,88.49
202011,Maryland,5084194,129643.0,6.26,50.5,5084.19,129.64,93.74
202011,Massachusetts,5521977,310191.0,3.43,52.0,5521.98,310.19,96.57
202011,Michigan,8536093,254841.0,6.96,42.0,8536.09,254.84,93.04
202011,Minnesota,6839600,88982.0,5.74,48.0,6839.6,88.98,94.26
202011,Mississippi,4059206,107108.0,15.3,39.0,4059.21,107.11,84.7
202011,Missouri,7593756,105756.0,12.81,39.0,7593.76,105.76,87.19
202011,Montana,1437310,15949.0,11.79,34.0,1437.31,15.95,88.21000000000001
202011,Nebraska,2996543,24945.0,10.7,35.0,2996.54,24.94,89.3
202011,Nevada,3718323,58319.0,12.63,33.0,3718.32,58.32,87.37
202011,New Hampshire,452368,15018.0,7.45,49.5,452.37,15.02,92.55
202011,New Jersey,8524477,498695.0,7.64,50.0,8524.48,498.7,92.36
202011,New Mexico,2072475,37834.0,10.74,38.0,2072.48,37.83,89.26
202011,New York,17164028,1007246.0,5.31,51.0,17164.03,1007.25,94.69
202011,North Carolina,9508648,145747.0,13.44,49.5,9508.65,145.75,86.56
202011,North Dakota,1904848,22302.0,9.96,42.0,1904.85,22.3,90.03999999999999
202011,Ohio,9233817,174314.0,7.01,48.0,9233.82,174.31,92.99
202011,Oklahoma,4708707,46241.0,18.65,46.0,4708.71,46.24,81.35
202011,Oregon,1751803,23590.0,8.79,39.5,1751.8,23.59,91.21000000000001
202011,Pennsylvania,8392893,286087.0,6.66,48.0,8392.89,286.09,93.34
202011,Rhode Island,1097493,37018.0,3.67,50.0,1097.49,37.02,96.33
202011,South Carolina,5897776,124600.0,13.15,46.0,5897.78,124.6,86.85
202011,South Dakota,1938994,19937.0,12.03,34.0,1938.99,19.94,87.97
202011,Tennessee,9215295,117705.0,11.84,47.0,9215.3,117.7,88.16
202011,Texas,33105809,607190.0,21.15,38.0,33105.81,607.19,78.85
202011,Utah,4655166,21869.0,11.77,44.0,4655.17,21.87,88.23
202011,Vermont,91227,1831.0,5.83,47.0,91.23,1.83,94.17
202011,Virginia,6195771,115120.0,11.31,50.0,6195.77,115.12,88.69
202011,Washington,4172827,80011.0,8.02,42.0,4172.83,80.01,91.98
202011,West Virginia,1046960,17759.0,7.81,39.0,1046.96,17.76,92.19
202011,Wisconsin,9932234,84560.0,6.76,50.0,9932.23,84.56,93.24
202011,Wyoming,698301,4563.0,14.46,41.0,698.3,4.56,85.53999999999999
202012,Alabama,1034286,14956.0,11.53,39.0,1034.29,14.96,88.47
202012,Alaska,134931,491.0,17.98,31.0,134.93,0.49,82.02
202012,Arizona,1384367,27166.0,13.12,38.0,1384.37,27.17,86.88
202012,Arkansas,642117,10175.0,8.92,43.0,642.12,10.18,91.08
202012,California,5137934,78144.0,7.87,41.0,5137.93,78.14,92.13
202012,Colorado,983842,13072.0,10.73,43.0,983.84,13.07,89.27
202012,Connecticut,491074,20385.0,5.28,54.0,491.07,20.39,94.72
202012,Delaware,148517,3117.0,6.41,54.0,148.52,3.12,93.59
202012,District of Columbia,88171,2760.0,4.3,38.0,88.17,2.76,95.7
202012,Florida,4083109,75319.0,15.53,39.0,4083.11,75.32,84.47
202012,Georgia,1858775,37368.0,16.3,42.0,1858.78,37.37,83.7
202012,Hawaii,72795,982.0,5.13,37.5,72.8,0.98,94.87
202012,Idaho,424515,4028.0,14.01,36.0,424.52,4.03,85.99
202012,Illinois,3023623,54066.0,6.11,43.0,3023.62,54.07,93.89
202012,Indiana,1433092,23992.0,9.1,48.0,1433.09,23.99,90.9
202012,Iowa,946641,10235.0,5.57,49.0,946.64,10.24,94.43
202012,Kansas,662825,6249.0,10.74,37.0,662.82,6.25,89.26
202012,Kentucky,771709,8622.0,6.74,43.0,771.71,8.62,93.26
202012,Louisiana,968727,26028.0,9.79,40.0,968.73,26.03,90.21000000000001
202012,Maine,49559,876.0,11.51,42.5,49.56,0.88,88.49
202012,Maryland,820379,18782.0,6.26,50.5,820.38,18.78,93.74
202012,Massachusetts,913986,43362.0,3.43,52.0,913.99,43.36,96.57
202012,Michigan,1607643,39675.0,6.96,42.0,1607.64,39.67,93.04
202012,Minnesota,1320814,14936.0,5.74,48.0,1320.81,14.94,94.26
202012,Mississippi,631831,15482.0,15.3,39.0,631.83,15.48,84.7
202012,Missouri,1295278,16964.0,12.81,39.0,1295.28,16.96,87.19
202012,Montana,259459,2864.0,11.79,34.0,259.46,2.86,88.21000000000001
202012,Nebraska,533635,4591.0,10.7,35.0,533.64,4.59,89.3
202012,Nevada,636280,8942.0,12.63,33.0,636.28,8.94,87.37
202012,New Hampshire,88960,2158.0,7.45,49.5,88.96,2.16,92.55
202012,New Jersey,1399784,68692.0,7.64,50.0,1399.78,68.69,92.36
202012,New Mexico,408190,6597.0,10.74,38.0,408.19,6.6,89.26
202012,New York,2698069,137263.0,5.31,51.0,2698.07,137.26,94.69
202012,North Carolina,1503675,21687.0,13.44,49.5,1503.68,21.69,86.56
202012,North Dakota,322844,3886.0,9.96,42.0,322.84,3.89,90.03999999999999
202012,Ohio,1771843,26854.0,7.01,48.0,1771.84,26.85,92.99
202012,Oklahoma,814471,7266.0,18.65,46.0,814.47,7.27,81.35
202012,Oregon,315596,3878.0,8.79,39.5,315.6,3.88,91.21000000000001
202012,Pennsylvania,1551339,43614.0,6.66,48.0,1551.34,43.61,93.34
202012,Rhode Island,200959,5328.0,3.67,50.0,200.96,5.33,96.33
202012,South Carolina,888823,17810.0,13.15,46.0,888.82,17.81,86.85
202012,South Dakota,330861,4040.0,12.03,34.0,330.86,4.04,87.97
202012,Tennessee,1509881,18763.0,11.84,47.0,1509.88,18.76,88.16
202012,Texas,5201956,90161.0,21.14,38.0,5201.96,90.16,78.86
202012,Utah,815131,3633.0,11.77,44.0,815.13,3.63,88.23
202012,Vermont,18073,298.0,5.83,47.0,18.07,0.3,94.17
202012,Virginia,974426,16513.0,11.31,50.0,974.43,16.51,88.69
202012,Washington,715773,12000.0,8.02,42.0,715.77,12.0,91.98
202012,West Virginia,201920,3124.0,7.81,39.0,201.92,3.12,92.19
202012,Wisconsin,1696046,14971.0,6.76,50.0,1696.05,14.97,93.24
202012,Wyoming,139127,974.0,14.46,41.0,139.13,0.97,85.53999999999999
